address,alias
tz1W1qbXXJrtLWwaaoXhe8LYGZqmNnpKaH9q,01No.de
tz1WBfwbT66FC6BTLexc2BoyCCBM9LG7pnVW,888 XTZ
tz1iLbZZ9uoRuVJCrZ9ZwiJMpfzhy3c67mav,AirBie
tz1gk3TDbU7cJuiBRMhwQXVvgDnjsxuWhcEA,Airfoil
tz1QH3G2btaWc1vRLNsEfx2gHM7Ad81TeRit,Airfoil Payouts
tz1MJx9vhaNRSimcuXPK2rW4fLccQnDAnVKJ,AirGap
tz1LJycSuCT25AA5VJwNW1QYXVGyy7YLwZh9,AirGap Payout
KT1Vp4KUG1n1HrFEDxUNvNskwc1Msh7NRbhd,AirGap Payout KT
tz1UdeKoMJivgqRgRUNzroMwRJYmJY8BtaWe,AlphaTezos
tz1XhnCdVENzgko5x1MMswLHSoQbJ5NPwLZ6,Anonstake
tz3e75hU4EhDU3ukyJueh5v6UvEHzGwkg3yC,At James
tz1ZcTRk5uxD86EFEn1vvNffWWqJy7q5eVhc,ATEZA
tz1TqU5hwh6CtC8Ps5GYBi7YyawvtKLNCbvQ,ATEZA Payouts
KT1VG2WtYdSWz5E7chTeAdDPZNy2MpP8pTfL,Atomex
KT1RCAETpkm9z44MW7Cph3mrWshqVURPubT4,Bake n Rolls Payouts 2
tz1ei4WtWEMEJekSv8qDnu9PExG6Q8HgRGr3,Bake Tz
tz1NRGxXV9h6SdNaZLcgmjuLx3hyy2f8YoGN,Bake ꜩ For Me
tz1NortRftucvAkD1J58L32EhSVrQEWJCEnB,Bake'n'Rolls
tz1Zrqm4TkJwqTxm5TiyVFh6taXG4Wrq7tko,Bake’n’Rolls Payouts
tz1aRhFErGMgL57DYHMT1vYwv7PzsJN1chrk,Baked Tezos
tz1KksC8RvjUWAbXYJuNrUbontHGor26Cztk,Bakednode
tz1Z1WwoqgRFbLE3YNdYRpCx44NSfiMJzeAG,Bakemon
tz1NkFRjmkqqcGkAhqe78fdgemDNKXvL7Bod,BakeMyStake
tz1WtkJEkKjHX3bMDYwJoDVC4gPksNPUa3v7,BakeMyStake Old
tz1YgNQBeLTgbwRb7QiyvHrx7hwN7AUbdqpB,Baker Avenue
KT1ChNsEFxwyCbJyWGSL3KdjeXE28AY1Kaog,Baker Registry
tz1iVCqjMRG7MfBoFnVjbLQyeLAeJQfLxXze,Bakery IL Payouts
tz1cYufsxHXJcvANhvS55h3aY32a9BAFB494,Bakery-IL
tz1Pv7ha8wzAyRHkR9RahWapdopK1tt6nVz1,Baking co-operative
tz1RV1MBbZMR68tacosb7Mwj6LkbPSUS1er1,Baking Tacos
tz1S8MNvuFEUsWgjHvi3AxibRBf388NhT1q2,Binance
tz1eogbwM5NdoojKEvvSnjYGcJapZgADRK3m,Binance Delegator
tz1XXayQohB8XRXN7kMoHbf2NFwNiH3oMRQQ,Bit Cat
tz1KtGwriE7VuLwT3LwuvU9Nv4wAxP7XZ57d,Bitfinex
tz1LmaFsWRkjr7QMCx5PtV6xTUz3AmEpKQiF,Blockpower
tz1d2EwsrmoCPmhNUjt7unCQ8a9RwVsVXEmd,BTFD
tz3bEQoFCZEEfZMskefZ8q8e4eiHH1pssRax,Ceibo XTZ
tz1Z7eWGw18LqUgRqmDqNZFQx7f8GEHXRfT8,Coinbase 1
tz1bDhCGNZLQw1QXgf6MCzo6EtAVSGkqEB11,Coinbase 2
tz1irJKkXS2DBWkU1NnmFQx1c1L7pbGg4yhk,Coinbase Custody
tz1NcoDFXMAfB26mpBhVrdSHmppyTeccT6Fi,Coinbase Pro
tz1dgoZ2xHX6Aou5KbFNFX5XiGJ6UpkqCyQb,CoinEconomy
tz1dbfppLAAxXZNtf2SDps7rch3qfUznKSoK,Coinhouse
tz1SYq214SCBy9naR6cvycQsYcUGpBqQAE8d,Coinone
tz1eEnQhbwf6trb8Q8mPb2RaPkNk2rN7BKi8,Cryptium Labs
tz1cNARmnRRrvZgspPr2rSTUWq5xtGTuKuHY,Cryptium Labs Payout
tz1Tnjaxk6tbAeC2TmMApPh8UsrEVQvhHvx5,Crypto Delegate
tz1MyXTZmeMCM4yFnrER9LNYDZ9t2rHYDvcH,Crypto Delegate Payouts
tz1NqKH9D5HdfvoEQssMS5Up13CVypVxLA1k,Cypher-Baker
tz1Lc87p6zRaDwzJs9kHvdpm7XzeWE8QTwVB,Dash Master
KT1A13N5XXJLgD9rQ6BF6xg71yhNhQhrCxia,Dashmaster Payouts
tz1ZRWFLgT9sz8iFi1VYWPfRYeUvUSFAaDao,Delegated Capital
tz1LsuPvP2u63nouVGAPi13AYqqB2VQjhoSF,Drunk Tortuga Bakery
tz1W1f1JrE7VsqgpUpj1iiDobqP5TixgZhDk,Elite Tezos
tz1PK8bNrfPbc73BtHH1A63jfU5UtbRFkvU4,EON
tz1MXFrtZoaXckE41bjUCSjAjAap3AFDSr3N,Everstake
tz1WcCGBxxPq61ddkp8X7vYMrWsBFMCxe5RD,FightCovid
tz1Scdr2HsZiQjc7bHMeBbmDRXYVvdhjJbBh,Figment
tz1ZQppA6UerMz5CJtGvZmmB6z8L9syq7ixu,First Block
KT1GJBSMRGApA2DnSivs73Fhau6dbfP1Sntd,Flippin Tacos Payouts 1
tz1TacosCtikEQCJWYDZZ9MuA42sVpbbKZFF,Flippin Tacos Payouts 2
tz1TzaNn7wSQSP5gYPXCnNzBCpyMiidCq1PX,Flippin' tacos
tz3RDC3Jdn4j15J7bBHZd29EUee9gVB1CxD9,Foundation Baker 1
tz3bvNMQ95vfAYtG8193ymshqjSvmxiCUuR5,Foundation Baker 2
tz3RB4aoyjov4KEVRbuhvQ1CKJgBJMWhaeB8,Foundation Baker 3
tz3bTdwZinP8U1JmSweNzVKhmwafqWmFWRfk,Foundation Baker 4
tz3NExpXn9aPNZPorRE4SdjJ2RGrfbJgMAaV,Foundation Baker 5
tz3UoffC7FG7zfpmvmjUmUeAaHvzdcUvAj6r,Foundation Baker 6
tz3WMqdzXqRWXwyvj5Hp2H7QEepaUuS7vd9K,Foundation Baker 7
tz3VEZ4k6a4Wx42iyev6i2aVAptTRLEAivNN,Foundation Baker 8
tz1P6kxtzRrJ8KfXE4kKqR1RBiSpEgimxN5o,Fractalide
tz1QLXqnfN51dkjeghXvKHkJfhvGiM5gK4tc,Fresh Tezos
tz1djRgXXWWJiY1rpMECCxr5d9ZBqWewuiU1,Galleon Support
tz1NpWrAyDL9k2Lmnyxcgr9xuJakbBxdq7FB,Gate.io
tz1WCd2jm4uSt4vntk4vSuUWoZQGhLcDuR9q,Happy Tezos
tz1acsihTQWHEnxxNz7EEsBDLMTztoZQE9SW,Happy Tezos Payout
tz1KzSC1J9aBxKp7u8TUnpN8L7S65PBRkgdF,HashQuark
tz1SohptP53wDPZhzTWzDUFAUcWF6DMBpaJV,Hayek Lab
tz1gg5bjopPcr9agjamyu9BbXKLibNc2rbAq,hodl.farm
tz1hodLFy8YDHtf1qJ3XH1gCyeXfwWEitkj9,hodl.farm Payouts
tz1Z3KCf8CLGAYfvVWPEr562jDDyWkwNF7sT,Hot Stake
tz1VHFxUuBhwopxC9YC9gm5s2MHBHLyCtvN1,Hyperblocks
tz1dp3tScJZy8Go3byPdioSujgDi5CdemiuZ,iBakeTezos
tz1ZePm7HyANf3P9hZfhmm8ShbrbCP1nYwT5,iBakeTezos Payouts 1
tz1VQq41XksF8oJ4ntxbh99g5wrqcreVf7e1,iBakeTezos Payouts 2
tz1Ryat7ZuRapjGUgsPym9DuMGrTYYyDBJoq,Illuminarean
tz1bRaSjKZrSrSeQHBDiCqjKXqtZYZM1t8FW,Imma Baker
tz1awXW7wuXy21c66vBudMXQVAPgRnqqwgTH,Infinity Stones
tz1ZTG13gkvouxSANka3HG3uys8C5gu3DPXZ,Just a Baker
tz1gfArv665EUkSg2ojMBzcbfwuPxAvqPvjo,Kraken
tz1bDXD6nNSrebqmAnnKKwnX1QdePSMCj4MX,Kraken 1
tz1YpWsMwc4gSyjtxEF3JbmN6YrGiDidaSmg,Kraken 2
tz1aqcYgG6NuViML5vdWhohHJBYxcDVLNUsE,LetzBake!
tz1MTAmuFmKu3MoxnkVsMj7xvSScj6d83hu5,LetzBake! Payouts
tz1VmiY38m3y95HqQLjMwqnMS7sdMfGomzKi,Lucid Mining
KT1THshzbGq3NJfL8w9j3ppbUSCfy5tQvWch,Lucid Mining Payouts 1
tz1LsnEuv4fLsgxU9HJK21v8zHwcuBjb99Cd,Lucid Mining Payouts 2
tz1MkjfzHNF3kk7PMUDVsaTrF8iRD6fpHftR,LuxBaker
tz1aEsrxrhTYNcg897HjSWnJ5yjR95pxVD1d,Mama Baker
tz1PWCDnz783NNGGQjEFFsHtrcK5yBW4E2rm,Melange
tz1cb8xcmJWcdVU7cNAd93MfEReorvP52P8x,Mint Capital
tz1NEKxGEHsFufk87CVZcrqWu8o22qh46GK6,Money Every 3 Days
tz1egbN6RK2bM5vt4aAZw6r9j4nL8z49bPdS,Money Every 3 Days
tz1c7pVR4w3KSQarJdBeh4NS2WxMUFBy1rHQ,MyBakerSpace
tz1d6Fx42mYgVFnHUW8T8A7WBfJ6nD9pVok8,MyTezosBaking
tz1Y2ufHak4AcisVazSS1ymGgv4HAmFGagh5,MyTezosBaking Payouts
tz1YdCPrYbksK7HCoYKDyzgfXwY16Fy9rrGa,Norn Delegate
tz1KtvGSYU5hdKD288a1koTBURWYuADJGrLE,Ø Crypto Pool
tz1UuQ4HWDu3ALNRgAq94dX9MhqhQhnuY3gC,OKEx
tz1X1fpAZtwQk94QXUgZwfgsvkQgyc2KHp9d,ownBLOCK
tz1hTFcQk2KJRPzZyHkCwbj7E1zY1xBkiHsk,ownBLOCK
tz1P2Po7YM526ughEsRbY4oR9zaUPDZjxFrb,P2P Validator
tz1Ldzz6k1BHdhuKvAtMRX7h5kJSMHESMHLC,PayTezos
tz1c9HEyZdAWXZCLE7h3KcZCyykjZr7VY3QM,PayTezos Payouts
KT1JjzGWesNFaHv9iyBwLBzLyTpTZ3HeBf7o,PayTezos Payouts KT
tz1Yju7jmmsaUiG9qQLoYv35v5pHgnWoLWbt,Polychain Labs
tz2TSvNTh2epDMhZHrw73nV9piBX7kLZ9K9m,Polychain Labs 2
tz3TSvNTh2epDMhZHrw73nV9piBX7kLZ9K9m,Polychain Labs II
tz1Vyuu4EJ5Nym4JcrfRLnp3hpaq1DSEp1Ke,POS Bakerz
tz1V4qCyvPKZ5UeqdH14HN42rxvNPQfc9UZg,Shake 'n Bake
tz1ZuxNqUk7odhMC4Bfx2NXXeej9ReXKewa8,SNZ Holding
tz1MDKr36woXfVtrtXfV1ppPJERxPcm2wU6V,Stack Tezos
tz1V2FYediKBAEaTpXXJBSjuQpjkyCzrTSiE,Stake House
tz2FCNBrERXtaTtNX6iimR1UJ5JSDxvdHM93,Stake.fish
tz1MowoYvqgxhKToQMAmGgTtjfZcRfS733JY,StakeBake
tz1RCFbB9GpALpsZtu6J58sb74dm8qe6XBzv,Staked
tz1g8vkmcde6sWKaG2NN9WKzCkDM6Rziq194,StakeNow
tz1Ywgcavxq9D6hL32Q2AQWHAux9MrWqGoZC,StakeNow Payouts
KT1EctCuorV2NfVb1XTQgvzJ88MQtWP8cMMv,Staker
tz1go7f6mEQfT2xX2LuHAqgnRGN6c2zHPf5c,Stakery
tz1gs78wrxS34XhGPECmN5fABKpEuhUGwAXS,Stakery Payouts
tz1WpeqFaBG9Jm73Dmgqamy8eF8NWLz9JCoY,Staking Facilities
tz1STeamwbp68THcny9zk3LsbG3H36DMvbRK,Staking Team
tz1e2meErj7eEfXwqr7bDK6N1YatmLaugfMp,STB
tz1dNVDWPf3Q59SdJqnjdnu277iyvReiRS9M,Steak.and.Bake
tz1fvBC1cHJzPtUW3ZKd2GZDj7P4XVuLk9vW,Steaker
tz1LH4L6XYT2JNPhvWYC4Zq3XEiGgEwzNRvo,Stir Delegate
tz1Lhf4J9Qxoe3DZ2nfe8FGDnvVj7oKjnMY6,Tez Baker
KT1TUi7KGFcTLku6niB2iGqzkv49ZLYxLRy1,Tez Baker Payouts 1
KT1Q6YAVkqcEmXAM7SUcQS9YSbLwbqMaVe3Z,Tez Baker Payouts 2
KT1KcLH9Qz6QJucvajEdXQvcSHgxfwuwDjNe,Tez Baker Payouts 3
KT1V86WP8CuxAtQ4xkpZ5fVtXv5XzK2F81mp,Tez Baker Payouts 4
tz1NXPdPC2DfyA5ohitnS6ryqrDKbFJeu5Nn,Tez Boss
tz1hgjLqCZWCtarByUMYd81F4FKRY5t1V978,Tez Dispensery
tz1bakeKFwqmtLBzghw8CFnqFvRxLj849Vfg,Tez Milk
tz1UUgPwikRHW1mEyVZfGYy6QaxrY6Y7WaG5,Tez Patisserie
tz1abTjX2tjtMdaq5VCzkDtBnMSCFPW2oRPa,TEZ Rocket
tz1isXamBXpTUgbByQ6gXgZQg4GWNW7r6rKE,Tez Whale
tz1WHALEgzq8cUUkg1vBKrpQrg9mysEX9NYR,Tez Whale Payouts 1
tz1WHALEP56kjCTuUFLWjcBkfFpyevC4xo3t,Tez Whale Payouts 2
tz1LBEKXaxQbd5Gtzbc1ATCwc3pppu81aWGc,Tez-Baking
KT1BvVxWM6cjFuJNet4R9m64VDCN2iMvjuGE,Tez-Baking Token
tz1YhNsiRRU8aHNGg7NK3uuP6UDAyacJernB,TezBaguette
tz3LBtbMMvvguWQupgEmtfjtXy77cHgdr5TE,Tezcentral
tz1Yc6ATtfUJyDjHwJ8WoVL22sJueDenueke,TezDele Baker A
tz1SdwBHocSrcuMFNLPUg4LPRfx9eaqjVUEL,TezDele Baker B
tz1LnWa4AiFCjMezTgSNa65QFoo7DQGEWgEU,Tezeract
tz1VceyYUpq1gk5dtp6jXQRtCtY8hm5DKt72,Tezetetic
tz1MR42UxXgFmxsP4iVEF8e8a7q17TPLicpt,Tezetetic Payout
tz1W5VkdB5s7ENMESVBtwyt9kyvLqPcUczRT,Tezgate
tz1g4o4a2wxpzJ7EgG3onFM5TLaPyiRFjFhL,Tezgate Payouts
tz1MQJPGNMijnXnVoBENFz9rUhaPt3S7rWoz,Tezmania
tz1TaLYBeGZD3yKVHQGBM857CcNnFFNceLYh,Tezocracy
KT1CthjeJp2pLbSdo6xZR1VfgUD44QYDNmSZ,Tezocracy Payouts 1
tz1hfXvfcbbfcA77U8RXn7xLbRn3NHU4ksU1,Tezocracy Payouts 2
tz1RSWMYKGAykpizFteowByYMueCYv9TMn1L,Tezos Alliance
tz1PriNQyDC7d5ccPAD96ugujYy5YbdGLdQ5,Tezos Baker JP
tz1fZ767VDbqx4DeKiFswPSHh513f51mKEUZ,Tezos Bakery
tz1PYLN9TsKZHfn2GtrXnxkeGvahmYdBTG5v,Tezos Bakes 2
tz1b2mCFQm8isfJRGUctgyxHhHcmTNTRPdps,Tezos Barcelona
tz1Z7bxn1M4ewEWUekPaZfiwtKQRFroezUjY,Tezos Bay
tz1Y42aKCk53vMbaJNpf1hBg1rznGdBxHJ5C,Tezos Berlin
tz1Z2jXfEXL7dXhs6bsLmyLFLfmAkXBzA9WE,Tezos Boutique
tz1aKxnrzx5PXZJe7unufEswVRCMU9yafmfb,Tezos Canada
tz3PdGc7U5tiyqPgTSgqCDct94qd6ovQwP6u,Tezos Capital
tz1TDSmoZXwVevLTEvKCTHWpomG76oC9S2fJ,Tezos Capital Legacy
tz1hThMBD8jQjFt78heuCnKxJnJtQo9Ao25X,Tezos Chef
tz1aCJuxfZPsXZ3PmfA6MvjsRTpGVVDMmb8X,Tezos Chef Payouts
tz1WJpSCYdQE9merfftanA8eFsqUPTpwAt8a,Tezos China
tz1YTyvABUyhE7JHpxMVBVqjZnZM4ofMrWKE,Tezos Delegate EU
tz1U638Z3xWRiXDDKx2S125MCCaAeGDdA896,Tezos France
tz1TAzNBtnq6vF6kg34ApectxXoxZVTyapq3,Tezos Gold
tz1WnfXMPaNTBmH7DBPwqCWs9cPDJdkGBTZ8,Tezos HODL
tz1bLwpPfr3xqy1gWBF4sGvv8bLJyPHR11kx,Tezos Hot Bakery
tz1Kn5Dyir12f7NafEztgooypotBkE92mKDr,Tezos Hot Bakery Payout
tz1Vm5cfHncKGBo7YvZfHc4mmudY4qpWzvSB,Tezos Istanbul
tz1MBERDzXMvMQPCMWBCEgxyKrdU71HgXaM8,Tezos Istanbul Payouts 1
tz1Uf4Raxz7JzNdpAyM3893qLtqTRwNrdKVK,Tezos Istanbul Payouts 2
tz1b7YSEeNRqgmjuX4d4aiai2sQTF4A7WBZf,Tezos Japan
tz1ijdEfmUoQXJfSiKCLRioeCfSrKP3sVsff,Tezos Japan 2
tz1Nn14BBsDULrPXtkM9UQeXaE4iqJhmqmK5,Tezos Kitchen
tz1PPUo28B8BroqmVCMMNDudG4ShA2bzicrU,Tezos Korea
tz1S1Aew75hMrPUymqenKfHo8FspppXKpW7h,Tezos Mars
tz1TgvirXEwVJPg1cCrxT9zFubdzw7Ng6Ke9,Tezos Moon
tz1b3SaPHFSw51r92ARcV5mGyYbSSsdFd5Gz,Tezos MX
tz1djEKk6j1FqigTgbRsunbnY9BB7qsn1aAQ,Tezos Ninja
tz1eFXLaCUcKbhXkLBGUGMGNY9tKHjWGG25V,Tezos Node Spain
tz1SkU5S3dDRi6f8LHCvYeK3H3Mjq4MS8uHW,Tezos OTC
tz1PeZx7FXy7QRuMREGXGxeipb24RsMMzUNe,Tezos Panda
KT1PnRgUjx7dD4xrnXnpJHz9MfnCWoeT6UBr,Tezos Panda Payouts
tz1cZfFQpcYhwDp7y1njZXDsZqCrn2NqmVof,Tezos Rio
tz1Kf25fX1VdmYGSEzwFy1wNmkbSEZ2V83sY,Tezos Seoul
tz1RAzdkp1x5ZDqms4ZUrSdfJuUYGH9JTPK2,Tezos Spanish
tz1hAYfexyzPGG6RhZZMpDvAHifubsbb6kgn,Tezos Suisse
tz1bkKTY9Y3rTsHbpr2fbGUCRm736LLquQfM,Tezos Tacos
tz1VYQpZvjVhv1CdcENuCNWJQXu1TWBJ8KTD,Tezos Tokyo
tz1bHzftcTKZMTZgLLtnrXydCm6UEqf4ivca,Tezos Vote
tz1ggJg924JdWdww6oLGFksRgKctfrDMUNfE,Tezos Vote Payouts
tz1WctSwL49BZtdWAQ75NY6vr4xsAx6oKdah,Tezos Wake n'Bake
tz1MkaTVYdM9QvXxKvYEwG9BPN2XxriTs7Jh,Tezos.bi23
tz1fb7c66UwePkkfDXz4ajFaBP9hVNLdS7JJ,Tezos.nu
tz1gfipKzYrNRT14oSNQJMCdRRsUtcbZoKsd,Tezos.Rio_old
tz1YvG6poSGhPLTdzbzCmqShMndzoyhyVg7J,tezosbaking.club
tz1c3Wh8gNMMsYwZd67JndQpYxdaaPUV27E7,TezosBC
KT1E5rWDHRA679Q98Tks3DppCqvBLUzmnBEe,TezosBC Payouts
tz1QGZ3dD2YpRKZ4APeso6EXTeyCUUkw6MQC,TezosBC_old
tz1YKh8T79LAtWxX29N5VedCSmaZGw9LNVxQ,TezosBr
tz1TzHDLTNK1J1fCotGBLuE43DoogC5pHGyT,TezosHODL Payouts
tz1V3yg82mcrPJbegqVCPn6bC8w1CSTRp3f8,TezoShop
tz1hxtCEcD7idQJEDiJEq37vBkoRcwF6KC2X,TezoShop Payout
tz1b9MYGrbN1NAxphLEsPPNT9JC7aNFc5nA4,TezosRUs
tz1R6Ej25VSerE3MkSoEEeBjKHCDTFbpKuSX,TezosSEAsia
tz1Lh9jeLSWDHYy8AshvG2dpNQseDaHg7cms,TezosSpanish
tz1LLNkQK4UQV6QcFShiXJ2vT2ELw449MzAA,TezosTeam
tz1YrmJw6Lje27gWqZ94gU9mNavEjkHu1xGc,TezosTeam Payouts
tz1UJvHTgpVzcKWhTazGxVcn5wsHru5Gietg,Tezry
tz1Vtimi84kLh9RANfRVX2JvYtP4NPCT1aFm,TezTech Labs
tz1Zcxkfa5jKrRbBThG765GP29bUCU3C4ok5,Tezz City
tz1fUjvVhJrHLZCbhPNvDRckxApqbkievJHN,Tezzieland
tz1WntXgznbivRjyhE7Y5jEzoebAhMPB2iJa,Tezzieland Payouts
tz3adcvQaKXTCg12zbninqo3q8ptKKtDFTLv,Tezzigator
tz1iZEKy4LaAjnTmn2RuGDf2iqdAQKnRi8kY,Tezzigator Legacy
tz1dhwJY5B1jKdkF7zcyu1v6EBEQjpGmAp1E,Tezzz
KT1U1JZaXoG4u1EPnhHL4R4otzkWc1L34q3c,Trianon KYC Registrar
KT1RM4Nzwe9kgyiF3WpqPdUezJ2SS7ixUdHX,Trianon STO Issuer
KT1XHAmdRKugP1Q38CxDmpcRSxq143KpEiYx,Trianon STO Token
tz1Zhv3RkfU2pHrmaiDyxp7kFZpZrUCu1CiF,TZ Bake
tz1XQ7SRj4QQWjaeebNd8dFwuTrCot3GGDRF,Tz Baker
tz1cX93Q3KsiTADpCC4f12TBvAmS5tw7CW19,Tz Bakery
tz1bkg7rynMXVcjomoe3diB4URfv8GU2GAcw,Tz Bank
tz1PesW5khQNhy4revu2ETvMtWPtuVyH2XkZ,Tz Dutch
tz1iJ4qgGTzyhaYEzd1RnC6duEkLBd1nzexh,Tz Envoy
tz1Vd1rXpV8hTHbFXCXN3c3qzCsgcU5BZw1e,Tz Node
tz1Yh1nLXfwqVpP8btykuRguu61n3veVmADa,TzBakeOven
KT1LH2o12xVRwTpJMZ6QJG74Fox8gE9QieFd,TZBTC
KT1NCuMkcRrGDSiB5BX4xyBGEUtyyF7YDDYz,TZBTC 2
tz1Pwgj6j55akKCyvTwwr9X4np1RskSXpQY4,Validators.com
tz1aiYKXmSRckyJ9EybKmpVry373rfyngJU8,View Nodes
tz1iMAHAVpkCVegF9FLGWUpQQeiAHh4ffdLQ,Wetez Wallet
tz1LesY3S4wfe15SNm1W3qJmQzWxLqVjTruH,Xtez
tz1TcH4Nb3aHNDJ7CGZhU7jgAK1BkSP4Lxds,XTZ Antipodes
tz1P9GwUWeAyPoT3ZwBc6gWCTP9exEPaVU3w,XTZ Bakery I
tz1TnYeuR4HhUTapQiXvzcjmcpvZYwR1B5S3,XTZ Bakery II
tz1Suih9uWEnubDeqCTCEfueSCGWYohjyaA5,XTZ Black
tz1Xek93iSXXckyQ6aYLVS5Rr2tge2en7ZxS,XTZ Delegate
tz1Z1tMai15JWUWeN2PKL9faXXVPMuWamzJj,XTZ Land
tz1KfEsrtDaA1sX7vdM4qmEPWuSytuqCDp5j,XTZ Master
tz1XTZM55hF7g98CzY88MXWhmK8QioGXHtuY,XTZ Master Payout
tz1XTZMBAARXu3zmFno6SMT88MvqSvbD5qrh,XTZ Master Payouts
tz1ZKi4VrDMEQpypn2NTn9pPbZL3xLRkETLA,XTZ-Baker
tz1Q8QkSBS63ZQnH3fBTiAMPes9R666Rn6Sc,YieldWallet
tz1eZwq8b5cvE2bPKokatLkVMzkxz24z3Don,You Loaf We Bake
tz1L3vFD8mFzBaS8yLHFsd7qDJY1t276Dh8i,Zednode